,text,label
454,"It's not happening in #HongKong. USA,UK are the same. This is #China's invading.  pic.twitter.com/U2z129WLBq",-1
1431,CCS Book Talk by YAN LONG: Finding AIDS Villages: Transnational Information Politics of Infectious Diseases in China @ 180 Doe Library. Tomorrow (2/7) at 4 p.m. She looks back at the history of AIDS in China and the implications to the coronavirus situation. #IEASatBerkeley pic.twitter.com/Y7bUiEcK2O,0
2703,"ICYMI: China is making strides. #ClimateChange is a COMMON ENEMY - we have to fight it alongside other countries, but DJT is rolling back environmental regs. Our air quality is worsening!  The U.S. left a hole in leadership on climate. China is filling it.  https://www.politico.com/story/2019/08/15/climate-china-global-translations-1662345Â â€¦",2
1189,"China coronavirus spread is accelerating, Xi Jinping warns â€“Â NEWPAPER24  https://newpaper24.com/china-coronavirus-spread-is-accelerating-xi-jinping-warns-newpaper24/Â â€¦ pic.twitter.com/b32CN3GOtH",1
1655,"Immigrants from the top five countries of birth (Mexico, China, Cuba, India, and the Dominican Republic) accounted for 38% of people who received greencards in 2017.",0
3633,Hong Kong not China.  Hong Kong is restricting Chinese access.,0
3586,China is a much greater threat to the US than Russia on multiple strategic fronts. Where are Democrats on the issue?,-1
2856,"I have seen video from China where the iron gates have been wielded, mud and stone dumped outside the house gates, and other such acts, to trap people inside the houses.",-1
2898,"This is an unprecedented number of people on quarantine  lockdown!  Iâ€™m not a fan, but China is clearly taking this Outbreak seriously!   That begs the question, why isnâ€™t the WHO?  Why isnâ€™t Canada?  Why are planes from China still being allowed to land in most Nations!  https://twitter.com/InstaNewsAlerts/status/1220380186430058497Â â€¦",1
3170,i will fly to china to cut kuanlins hair,1
2957,Exclusive: China halts British stock link over political tensions - sources  https://kfgo.com/news/articles/2020/jan/02/exclusive-china-halts-british-stock-link-over-political-tensions-sources/970827/#.Xg3qyBvYCrI.twitterÂ â€¦,0
2767,And why the Left should be focused on the disgusting practices of #China. Remember when they had to stop all production prior to the Olympics due to dumping in the ocean? And yet they scream about the US. #coronavirus https://twitter.com/ColumbiaBugle/status/1220581164370427906Â â€¦,-2
3498,"Would be interesting to know what other warlords called their palaces. In China it was generally something very benign and peaceful like ""Palace of the White Orchid"" or virtuous like ""Home of Upright Wisdom"" depending on how often they killed people. (Orchid would be the killer)",1
3542,"FFS read the god damn article people. This is in China, where most players are okay with this kind of stuff. Stop being hysterical.",1
3398,"There was never a deal. Weren't the Chinese supposed to come over here and make a big deal out of signing on to the ""first phase"" of the trade deal? That never happened. I'm sure China wouldn't be signing a deal that allowed the tariffs to stay.",-1
1736,China was planning biological warfare; #coronavirus â€˜leakedâ€™  https://www.sirfnews.com/china-was-planning-biological-warfare-coronavirus-leaked/Â â€¦ via @SirfNewsIndia,-2
3726,"I longer feel good of Indian Soldiers killing poor naive paki soldiers, their families and then the disrespect to their bodies! Thanx to RWs the MEA has decided to now evacuate all neighbouring nation citizens from China, and I guess Pak does share border with India ğŸ˜·",0
861,"a whistleblower says â€œI am a senior Chinese military intelligence officer and I know the truth about the coronavirus outbreak. It is far worse than the media are telling you.â€ â€œInsider,â€ says coronavirus is a cover story for a biological agent to depopulate china & the world!",-2
69,Not all Brits are against China. With all respect Mr. Dixon  Brave Mr Bean impersonator stuck in Wuhan refuses to fly back to Britain in case he spreads coronavirus â€“ The Sun  https://www.thesun.co.uk/news/10940626/coronavirus-mr-bean-impersonator-refuses-leave-wuhan/Â â€¦,1
877,"People saying, â€œDonâ€™t use China,â€ just have no clue. Itâ€™s impossible to not have a supply chain involving China. Check your own â€œmade inâ€ tags.   And also youâ€™re missing the point.   Coronavirus isnâ€™t being covered accurately.  https://twitter.com/Cernovich/status/1230736582765772800Â â€¦",0
3924,"Barr delivers ominous warning, says China wants to own the world  https://fxn.ws/397MnXsÂ  #FoxNews",-2
1654,"Why? So you can get the Russians (or China, or whomever youâ€™re blackmailing at the time), to cheat for you. Or perhaps youâ€™re adding that equation in on your daughterâ€™s voting machines that China is busy working on for her.",0
3003,Coronavirus spread is â€˜acceleratingâ€™ says China as death toll rises to 41  https://youtu.be/lg925coC5scÂ  via @YouTube,0
1495,Search #WuhanOutbreak. There's more body bags in videos alone then China is reporting,-2
1123,"China Has Ground To A Halt: ""On The Ground"" Indicators Confirm Worst-Case Scenario | Zero Hedge  https://www.zerohedge.com/economics/china-has-ground-halt-ground-indicators-confirm-worst-case-scenarioÂ â€¦",0
1460,ME PASO EN EL SUPER QUE LA CHINA RESFRIADA CORTABA FIAMBRES ME SENTI MORIR  https://twitter.com/joaquinmoreira_/status/1234138381019467778Â â€¦,-2
646,Federal quarantine order issued for 195 Americans who returned from China: WHO declares global health emergency as virus spreads to 20 countries.  http://dlvr.it/RP8LPmÂ  #25thAmendmentNow #ImpeachTrump #TheResistance pic.twitter.com/SpEC4vdSkF,0
240,"Ok hereâ€™s simple math. Say everyone who attends a Michigan football game (100,000) has the flu. 100 will likely die. If they all have Coronavirus, 3,400 will likely die (using Chinaâ€™s and Italyâ€™s current rate).",0
3937,China says AI robots wonâ€™t lead to significant job loss  https://www.techinasia.com/robot-lead-significant-job-lossÂ â€¦,0
2313,How China?s Belt and Road initiative is choking the MekongÂ River  https://japandtheworld.com/2020/01/29/how-chinas-belt-and-road-initiative-is-choking-the-mekong-river/Â â€¦,-1
2819,If China is able to contain a city of 11 million people to avoid a #CoronavirusOutbreak  I think they need to write a book on what to expect when you have a Toddler!,1
1482,"and Chinaâ€™s PM was also seen offering Namaz in a Mosque.  Allah says in Quran: â€œAnd Allah is the best of planners.â€ â€“ [Quran, 3:54]    pic.twitter.com/EVG5mm0XKN",0
3563,"It is atheist rulers in China, Russia and North Korea who mistreat others, especially Christians. It is Christians who take the gospel to the world, sometimes at their own great peril because Jesus is the Savior of the world.",-2
968,"New Article: Tesla says will deliver second batch of China-made Model 3s on January 7    https://tradeforprofit.net/2020/01/tesla-says-will-deliver-second-batch-of-china-made-model-3s-on-january-7/Â â€¦ #businessNews January 2, 2020",0
1304,"Iâ€™m pretty sure the Capitalist roaders in China didnâ€™t even speed up industrialization, which is the entire reason the capitalist phase was theorized by Marx. Iâ€™m pretty sure itâ€™s been following the same general trend set by the Maoists. Fuck revisionism, revive Maoism in China",0
1142,the reall image of the Republic Islamic of Iran mullahs regime! It is so similar to #covid19 Both came to Iran in February! Both hate's alcohol Both kills people Both are good related with China Both are despicable Both must be eliminated immediately! #IranCoVidTruth #covid19iran pic.twitter.com/Y3xOzBKOqv,-1
2558,"Itâ€™s not useful since the official infected n death no. r fakeğŸ˜° Multiple videos, audios n SNS posts from Wuhan show the situation is much worse than what China claimed  I put some tweets tgt for ppl who canâ€™t read Chinese ğŸ‘‡ğŸ¼ be aware, be prepared, n pray  https://twitter.com/ann_ann721831/status/1221642704771141633?s=21Â â€¦ https://twitter.com/ann_ann721831/status/1221642704771141633Â â€¦",-2
3678,"BreakingNews: US federal health officials say a case of the coronavirus from China has been diagnosed in Seattle, according to reports.  https://www.nbcnews.com/health/health-news/1st-case-coronavirus-china-confirmed-u-s-n1119486Â â€¦",0
839,China which is state capitalist and India which is capitalist? Uhh  And pretty sure people *checks notes* are the ones that created and perpetuated capitalism,0
1881,"Meanwhile in Washington, the President just signed a landmark Phase One Trade Agreement with China â€” making good on his promise to fix the failed policies of the past by fighting for American workers and American industries.",0
386,"Amazed Gov seems unconcerned about all small business  #coronavirus could go on for 12 month  no trade with China personally I hope so  no rush back to trade , is a must  as far as I know we make no Tv or white goods now  serve u right aus now learned lesson manufacture  again  https://twitter.com/PerthWAustralia/status/1226840464902352898Â â€¦",-1
3675,Just think if she went to China we would never hear from her again,-1
3958,Shoutout to the white bitch complaining about how her trip to China is ruined bc everything is closed due to corneavirus. Bitch Iâ€™m sorry you didnâ€™t get to see the giant panda bears but people are literally dying.,0
1462,"In China Fake News is a crime  All MSM would be criminals if the US was a communist country.  Reporters shouldnâ€™t vote for  Bernie, Socialism breeds Communism. Theyâ€™ll all be locked up before he takes the oath. As Mayor he ran his own NEWS outlet, like a true Communist would.  pic.twitter.com/dA31ee73IB",-1
118,"And result in Chinese global dominance -  I think it is not happening by chance, China has been working on that for quite sometime. #automotiveindustry #ElectricVehicles https://twitter.com/ravigbhatia/status/1212539433922289664Â â€¦",2
3195,All I'm saying is that China was really starting to feel the pressure from the whole Hong Kong protest thing and then some crazy virus starts and every one forgets also recycling drive coming soon! #YangGang,-1
2613,"The coronavirus outbreak in China now gets a vote in the world's stock markets. Cover your mouths, and hope that Asian contagion (both in public health and market exposure) is contained.  https://twitter.com/etrade/status/1219615285952569344Â â€¦",-1
2390,The best way is to ban those going to China and coming,0
517,"TRUMP: ""The time has come for the UK, Germany, France, Russia, and China to recognize this reality. They must break away from the remnants from the Iran deal.""",-1
322,"Itâ€™s wild, Corona is continuing to put a lot of pressure on the China Model both domestically and abroad. It will be interesting if the neoliberal consensus in regards to governoring will prove more resilient than people imagined.",0
3881,Austria: Austrian Airlines to suspend all flights to China January 29  https://garda.page.link/SacMDyyGPKRPBHYd6Â â€¦,0
1063,"@adriearsenault  Hi, awesome Adrienne.  Quick question.  Is China blocking the evacuation of dual citizens or landed-immigrants from all other countries, or just from Canada? Also, is China deliberately delaying our evacuations versus other nations?",0
3051,Ford's China vehicle sales drop 26% in third straight year of decline - Reuters  https://www.reuters.com/article/us-ford-china-idUSKBN1ZC037Â â€¦ #news #feedly,-1
1749,#Gold Prices Rebound After Two-Day Fall; U.S.-China Deal Signing Eyed -  https://invst.ly/pi5ebÂ ,0
1942,Right you are failing people are still arriving on flights from China from the hot zone and NO ONE is stopping them and checking for the virus they are walking right through and going home Gallup poll is BS,0
506,Bloomberg Accused of Helping Communist China Suppress News  http://bit.ly/2wo57UtÂ  via @BreitbartNews,-2
2979,Please put a temporary ban on travel to/from China,0
1577,"Well of course they have, it's secretive communist China.",-2
74,China lied? How about those guy behind the WH  pic.twitter.com/ADmoGk7uR9,1
3478,Me too. How long is he going for? Maybe a stop in China?,0
736,Fed policymakers have warned the partial trade deal will not eliminate businessesâ€™ concerns as U.S. tariffs on China are set to remain in place until a â€œSecond Phaseâ€ deal is signed.  https://reut.rs/36X9zalÂ ,0
1581,"World's population congratulates Taiwan for electing President Tsai Ing-wen !  China's brutality in Tibet, HongKong, against muslims, are few of many unacceptable transgressions against peoples' Human Rights:  Thus Taiwan must get back UN Securtity Council seat China's misusing !",-2
1825,"Check out the newest article written with propaganda purpose showing how China is proud of containing the virus and pointing out other countries inability to do so, how ridiculous it is?  https://mp.weixin.qq.com/s/H4w-3xbmeOetuX3aXeUk8A?fbclid=IwAR1Z0w8tv6miYx5azSewyFmV4OmJnzr7yXmiLh13_W9CHcsPlPPS_wZg9ysÂ â€¦ Maybe you could use it in one of your videos.",-1
262,"And you donâ€™t really believe itâ€™s the ONLY bioweaps facility in China, right? If you do, youâ€™d be naive.",-1
3392,I think right now he's probably more concerned about keeping his border with China sealed.,0
4117,PEST Analysis of Development Trend in Chinaâ€™s Online Drug Retail Market under the â€œInternet Plusâ€ Strategy  https://escipub.com/gjeba-2020-01-0505/Â â€¦ pic.twitter.com/UhZK5wGJ7V,0
3480,U.S./China trade deal is another example of Trumpâ€™s weakness as a negotiator.  While his reps are taking a victory lap the country has lossed billions of dollars with the unnecessary tariffs.  The country is in the greatest debt in history thanks to the deal breaker.,0
1811,OMS PROLONGARÃ EN UN DÃA SU REUNIÃ“N DE URGENCIA SOBRE NUEVO VIRUS ENÂ CHINA  https://informativo247.wordpress.com/2020/01/22/oms-prolongara-en-un-dia-su-reunion-de-urgencia-sobre-nuevo-virus-en-china/Â â€¦ pic.twitter.com/vct8lcMixd,0
2132,"â€œChina virusâ€ or â€œvirus from Chinaâ€, whatâ€™s the diff?  It not racist to say where it started.",0
4095,China know the vibes ğŸ˜‚ğŸ˜‚,1
4122,"Itâ€™s coming, itâ€™s coming...Patents reveal extent of Chinaâ€™s digital currency plans  https://www.ft.com/content/f10e94cc-4d74-11ea-95a0-43d18ec715f5?accessToken=zwAAAXA8G2v4kdPxDpTMTXQR6tOVoEPRjscV9Q.MEUCIAsq9RhVcsUeECW70WcPdfyqFlomBjKk-kEM2R5m5C3dAiEAljYHp85sz27CFpoXVTHL_lGGspghAFZeXYXdEJjyDvw&sharetype=gift?token=312c92f0-e0c8-4bc8-ad62-8306b151ee9cÂ â€¦ via @financialtimes",1
722,"#CoronaOutbreak #Caturday  since 780 BC to 1300s BC a almost 500 years dynasty dounded by Wong in Korea kingdom ,showed the very special chinese family Wong in Northern china -which fits the supposed Wong -King transition that built the last chinese empire -Qing.",0
1933,Coming up this hour ğŸ•  Timmy Sean Crowded House The Alan Parsons Project Pixies Wes Cunningham The Vestals China Crisis Matthew Sweet Yann Tiersen Hot Club of Cowtown The Black Keys Old 97's  and more!  http://toastradio.comÂ ,-1
1939,@ITF_Tennis Thank you for changing the venue for Fed Cup from China to Kazakhstan. Good decision in the circumstances. @ankita_champ @KarmanThandi @RutujaBhosale12 @MirzaSania @SowjBavisetti,0
3439,"Does our 300,000 Filipinos get a due process in China. Since when does China interfere with our justice system. Why so much appeasements to please China. How much are you Duterte.",-1
4160,Thatâ€™s a correct analysis. Europe searching more businesses with China and other countries because of Trump.,1
3273,hearing that Schools China-wide not re-opening until after May holidays?  Anyone can confirm?,0
4139,But thatâ€™s too real. Iâ€™ll end up playing in China too...if I keep at it.,0
393,The tests and the chemicals used to produce the tests are all made in China folks. Do you really think they are anxious to get tests to Americans? The CDC is holding off because they don't have enough of the damned tests and don't want you to know that.,-1
2666,Chinaâ€™s #Coronavirus Is Bringing #Alibaba to Its Knees  $baba $ashr $cqqq $kweb $mchi $fxi $chn $caf $tdf https://www.bloomberg.com/opinion/articles/2020-02-13/alibaba-earnings-coronavirus-threatens-growth-of-core-businesses?utm_campaign=socialflow-organic&utm_source=url_link&utm_content=asia&utm_medium=socialÂ â€¦,-1
2813,How exactly will China and India be carbon neutral by 2030?   #EasterBunny #SantaClaus #ClimateCrisis #IceAgeReentry #UnicornPoop #Election2020 #DoomsdayHoax,-1
405,China markets are hot again.  https://www.bloomberg.com/news/articles/2020-01-07/yuan-climbs-to-five-month-high-on-optimism-over-economy-tradeÂ â€¦,1
3780,"If you want a Fun Conspiracy Theory, I have some Thought Crime disinformation for you:  Would China benefit economically from a huge chunk of it's elderly and middle age population going away?   Engineered viruses can deliberately alter DNA to do any number of things.   /Disinfo",0
3097,Political tensions with China impacted the operation of the cultural center.  https://buff.ly/32xB4plÂ ,-1
1984,"(2) come to think of it, its most definitely not nearly enough to treat all that might actually be infected. China probally thinks it can get away with reporting admitted patients rather then the ones they had to turn away because of no rooms",-2
2535,"China stepped in deep shxt. China makes everyone step in the same shxt. China says, now everyone is in that shxt, we can say that the shxt is not so deep.  https://twitter.com/simonshen_glos/status/1230655407233744896Â â€¦",-1
3575,"Did you know that ""The U.S. has more personal computers than the next four countries combined - Japan, China, Germany, U.K.""",0
2466,The reason behind is Carrie Lam weigh China above HK. They strike to save HKers and themselves.  pic.twitter.com/1wlxGGhh3A,-1
2242,...reasons. The conflict between USA happened lng when Trump sat as POTUS. Idk his reasons pero let's just say the guy is selfish and a racist. Lol. Then China is a long time ally nsad sa Russia in which Russia previously had a cold war with the US. So if ever mo spark ang WW3...,-1
2499,#Coronavirus in #China: 15152 new cases and 254 deaths in one day  https://china-underground.com/2020/02/13/coronavirus-in-china-15152-new-cases-and-254-deaths-in-one-day/Â â€¦ #coronavirus #wuhan #wuhanpneumonia,0
1878,I also called Hong Kong stuff happening currently back in the early 2000s. Although that was actually based on what a political science teacher told me. That dude has some extremely accurate predictions about China. Only thing that hasn't happened that he said was about Japan.,0
3457,Foster + Partners reveals visuals of co-living apartment block in China -  https://bit.ly/37BJddxÂ ,1
1587,And how does any of this relate to order Chinese food in America? Especially given the likelihood the staff have travelled to China in the past year is extremely small and given that almost all of the food is produced and grown in America.,1
1274,"China's first win over Spain, Yang Liwei, Li Yueru, shaoting and Li Meng were all good. They were 15 points ahead at one time. Even though they were overtaken in the last quarter, we still got a surprise victory.â€¦  https://www.instagram.com/p/B8TqxsWJFUh/?igshid=19ivv6gi01gaxÂ â€¦",2
1604,China Locking Down Cities With 18 Million Inhabitants to Stop Virus  https://www.voanews.com/science-health/2019-novel-coronavirus/china-locking-down-cities-18-million-inhabitants-stop-virusÂ â€¦,0
1388,"CBS news just said a plane from China will be arriving in the U.S. and those passengers from the infected are will be quarantined for 3 days?  Isn't the incubation period, which you can infect others, two weeks?  pic.twitter.com/4SakfQs4G2",0
2076,You are more than welcomed to try the medical system in China and India. People who've been through them will tell you how ineffective and corrupt it is.,-2
1687,Keep up with New York Times!  They trying to blame Trump for virus. So are Dems.  They going to blame leader of each country where it has spread? China.  That is where it came from. Lets not let the propaganda machines push this fake news on our President.  ğŸ‡ºğŸ‡¸,-1
3355,"IRA spokesman says they don't exist, Indonesia have no confirmed Covid 19 cases, coincidently they also have no testing kits and Iranians think the USA caused Covid 19 despite it starting in China.  ğŸ¤¦â€â™€ï¸",0
180,"why you show those? why you provide an expanation?just leave them in illusions. i hope they could find a better way to get rid of the virus instead of taking the same measures as China has done. in their concept,human rights are above lives.  haaaaaa.....very funny",-2
1403,"Over 118,000 close contacts of confirmed #coronavirus patients in #China under medical observation.   (@lookner)",0
374,Agreed. It's daft to pretend that there is much that we can make that China and India can't make much more cheaply.   Maybe we will sell something to China but they'll do what they always do: reverse engineer it and start making it themselves.   Huawei did that with Cisco.,0
3299,"#HKPolice is the law and they do what they want. This #HongKongRioter reports to #CCP #China now, not care the life of #HongKong people/kids.. Pretend protestors to destroy public facilities.  Attack, rape or torture #HongKongProtesters.  DISBAND police now. #äº”å¤§è¨´æ±‚ç¼ºä¸€ä¸å¯",-2
1367,A tech side effect: Many residents of China say wearing face masks to avoid the coronavirus has made it impossible to unlock their phones with Face ID  https://news.yahoo.com/tech-side-effect-many-residents-161801399.htmlÂ â€¦,0
357,China slams US for congratulating Tsai on Taiwan poll win - Breitbart  http://bit.ly/30cN26RÂ  via @BreitbartNews This is great. #HongKongProtests,-1
2771,China has no new local coronavirus cases outside Hubei for third day  http://bit.ly/2TCUSVKÂ ,0
1126,"With just 15% so much Nuisance & Threat ğŸ˜‚ Imagine if these  Vultures ğŸ‘¹ R into Majority then??  Across the Globe 'Sharia & Jihadi Mindset' is spreading faster than Coronavirus?? Every country must respond like China, Israel & Russia.âœŠ",1
2106,"May be China should stop what triggered this virus in the first place, and the world would have been fine. ğŸ™„",-2
2575,"Coronavirus infects 1,716 medical staff as China reports 5,090 new cases  https://www.scmp.com/news/china/society/article/3050570/coronavirus-hubei-province-reports-4823-new-cases-and-116-moreÂ â€¦ via @scmpnews",0
238,Cruise lines cancel China sailings  http://twib.in/l/zzq8e75aykqrÂ ,0
2646,Our sovereignty left to China. Very soon you will hear of Corona Virus in the streets of Kenya.  https://twitter.com/NationBreaking/status/1232686066899050496Â â€¦,-1
1071,But is that the reason for decreased poverty. You're just saying things you dont like about China. That doesn't invalidate povery statistics,0
3069,"You may have all the best degrees in the world, but the evidence does not bear out what you say. Even in places like Africa this will probably not get anywhere near as bad as it is in China. China went exponential and it is too late probably until warm weather. We shall c though.",-1
3096,Coronavirus death toll leaps in Chinaâ€™s Hubei province; party bossesÂ sacked  https://www.kansainepal.com/coronavirus-death-toll-leaps-in-chinas-hubei-province-party-bosses-sacked/Â â€¦.,0
331,Or they would have just welded your door shut and left you to starve with your granddaughter like they do in China comrade,-2
3470,Sinophobia: How a virus reveals the many ways China is feared - BBC News #SmartNews https://www.bbc.com/news/world-asia-51456056?xtor=AL-72-%5Bpartner%5D-%5Bjb.press%5D-%5Blink%5D-%5Bjapanese%5D-%5Bbizdev%5D-%5Bisapi%5DÂ â€¦,-1
820,"Diversity is not a strength, our leaders tell us, at least in the west.  But the evidence is everywhere that's it's not - including the the two largest nations in the world, China and India, just by seeing out they treat Muslims.  pic.twitter.com/zttiQBn0J7",-2
883,"Whoa baby, don't be mad.  There's no arguments here, just showing you the error of ways of equating the Chinese, who were people, to the filth  infesting mainland china known as the chi-coms.",0
1065,"China is asking for volunteers,medicines etc,from their Commrades( fed by them for 100 years),from W.B., Kerala, etc., but they all have gone underground, not responding, Kanhaiya is also among them.Congress could also help.",0
1021,Have you ever wondered why China isn't visiting the International Space Station?  https://buff.ly/38kqfcxÂ  pic.twitter.com/ADupsSi9IF,0
1868,Uganda not importing goods from China due to the #coronavirus has frozen many businesses hence affecting their income and Government revenue,0
2763,"-Coronavirus demonstrates how poorly we are at dealing w/ contagious disease. -Authoritarian bureaucracies are then granted new powers to deal with their failure  -Trump's gov't has hollowed out the pandemic control -Like China, it'll respond to failure with more repression ğŸ˜¬",-1
2383,"@RTErdogan weapon to manipulate @Europarl_EN to force #NATO to accept all his demand. #Turkey under him became 'hostage taker', worst than China in contemporary world @POTUS @EmmanuelMacron @BorisJohnson #angelamerkel Trouble maker in this block. https://twitter.com/RT_com/status/1233957633649807361Â â€¦",-1
2169,"I want to see her in China, more to do there.  https://twitter.com/globeandmail/status/1233527686317764608Â â€¦",1
606,We need to go back to pre-Clinton days when Puerto Rico was a manufacturing haven for pharmaceuticals. But Clinton ended those tax incentives thus we are now beholden to China.,-1
2825,White House discussing China travel restrictions amid coronavirusÂ outbreak  http://chiefxpressdog.net/2020/01/28/white-house-discussing-china-travel-restrictions-amid-coronavirus-outbreak/Â â€¦,0
896,â€œmass layoffsâ€ China is really worried about unemployment.  Here's what it's doing to avoid mass layoffs - CNN   https://www.cnn.com/2020/01/13/economy/china-2020-economy/index.htmlÂ â€¦,-1
1232,Bitch please!   You are so fake even china denied they made you!  #Fakepeople #FakeFriends #MondayMorning #MondayThoughts,-1
101,So not sure how many Chinese in China actually see this content. Unless they also upload it to their local platforms.,0
106,Knew it was a bad idea trying to fly home via china ğŸ˜‚ğŸ˜‚,-1
171,- It was Obama who allowed this covet 19 to be developed as a bio weapon through NCU BSL3 LAB  Until 2015 there was a pause on developing bio weapons on US soil   Obama lifted the pause   also it was paid for by US Tax dollars   through Obama's Admi   then sold to China  pic.twitter.com/rU9VCjjQpd,0
43,"Hey everybody, the fat ass from Minneapolis is here to tell us socialized medicine, like they have in China where this all started, is preferable.",-1
437,"I get you. But I can't really share the gay details with my family bc they're kinda religious so me and my gay shows sit together in the closet, and if i wanna share I have to pull a China and censor shit or I'll be murdered. ğŸ‘ğŸ‘„ğŸ‘",-1
2824,did yâ€™all knew that the Corona Virus was invented and didnâ€™t come from no where... China invented it to kill their own people cuz thereâ€™s way too many of them.. what a coincidence that it started at China when China stand to be the country with the most population in the WORLD...,-2
2709,@JustinTrudeau Now confirmed. Coronavirus in Toronto from a flight from Wuhan China. Why was the flight allowed to land on Canadian soil? A true leader would have prevented this.,0
179,"This is how mankind goes out, not by an asteroid striking earth, but by a virus that emanated in China. @BretBaier @BillHemmer @SandraSmithFox @marthamaccallum @ShannonBream https://twitter.com/willchamberlain/status/1232009630714384385Â â€¦",-1
819,"it should not come as a shock or surprise after the ""acquittal"" then if Democrats reach out to Iran, China or Venezuela to help beat Trump.....I'm sure you'd be cool with that riiiight",-1
1128,China can get this done in 48 hours but @wrexhamcbc take 48 weeks to repair a road. @wrexham https://twitter.com/ladbible/status/1222232020304236546Â â€¦,2
3897,"#PakStandsWithChina Involved a woman from Shanghai who traveled to Germany for a business trip from Jan and displayed no signs of the disease, which include cough and fever. She only became sick on her flights back to China, and was confirmed to have the virus @sherni02 pic.twitter.com/3KltmliGju",0
738,"China now has the capacity to win a war with US that is in their neighborhood. US has significant lead in aircraft carriers, but what tech is avail. to defeat carriers?",-1
162,This film is still in theatres in China ğŸ˜­ğŸ˜­ğŸ˜­ being in theatres in my town for more than 3 days is unheard of if youâ€™re not a Disney film. This has been here since December. King shit  https://twitter.com/davidehrlich/status/1227363975416991751Â â€¦,1
3600,Chinese soccer teams have not actually been in China for months. They have been in preseason in Dubai or Spain. Doesnâ€™t stop armchair fear mongering.  https://twitter.com/Jkylebass/status/1231223519087878144Â â€¦,0
3234,Allianz Opens Insurance Holding in China  http://dlvr.it/RNBjnBÂ ,1
2128,"Pegatron and Foxconn have turned to another source of temporary labor: student workers, drawn from China's thousands of vocational colleges. During holidays, they intern as poorly paid assembly workers.",0
2196,Vietnam Explores Increasing Foreign Military Cooperation to Resist China  http://twib.in/l/L6MLEa6E4GydÂ  via @VOAShaka,-1
1540,"Ater completion of @ImranKhanPTI tenure in2023 all LiFaFist harmkhoors including YOU wud be runaway frm Pakistan becoz either they canâ€™t Survive the Strict MediaLaws or Harsh Punishments or unable to spread Fake or Enemyâ€™s Driven News on National TV,might death penalty like China",-1
2326,"One dispute was whether 2 refer 2 U.N. expertsâ€™ findings that Houthis are receiving drones parts & weapons, some with technical characteristics similar to arms manufactured in Iran.  Russia and China objected to including this  https://twitter.com/Levitt_Matt/status/1232806632796643330Â â€¦",-1
4104,"I mean, Iâ€™ve been to China but thatâ€™s about it.",0
1499,"I am a regular diner in these restaurants, and trust me, I donâ€™t see Daniel Andrews or whoever there. But many acquaintances of Chinese descent have told me in recent weeks they are avoiding restaurants, particularly in areas thought of as having links to China travel.",1
2401,@realDonaldTrump China needs to pay all expenses due to the virus,-2
41,"Even in the face of the Black Plague, China doesn't think it should stop Ppl fr visiting. Stupid.",-2
254,Not all Brits are against China. With all respect Mr. Dixon  Brave Mr Bean impersonator stuck in Wuhan refuses to fly back to Britain in case he spreads coronavirus â€“ The Sun  https://www.thesun.co.uk/news/10940626/coronavirus-mr-bean-impersonator-refuses-leave-wuhan/Â â€¦,1
1105,"when china takes over some more lands and builds more islands, around philippens water, just a matter of time , President Trump has no problem saving US taxpayers money, but unfortunately that well hurt the philippen people,",-2
728,In pediatricianâ€™s office this am w/ sick son .. asked how concerned are they about the #CoronaOutbreak .. learned thereâ€™s a 10 DAY incubation period. Maybe China could stop banning Christians & start banning ğŸ¦‡ from edible markets. It is 2020ğŸ¤¦â€â™€ï¸You know #priorities,-2
2081,China built a hospital in a week.,1
49,When do we fire missiles at China and India's coal power plants?,-2
711,Amazon restricts employee travel to China â€˜until further noticeâ€™ as coronavirus spreads    Nikol Szymul staffs a  http://rviv.ly/J17FfrÂ ,-1
3014,"will global institutions substitute in important ways? China has far more capacity than 2003, greater intl integration, shared info early... but can more robust global networks substitute for free press, how deal w trust issues?  #nCoV2019 #coronavirus  https://twitter.com/mrc_outbreak/status/1221032729971773440?s=21Â â€¦ https://twitter.com/MRC_Outbreak/status/1221032729971773440Â â€¦",-2
1617,"Haven't you heard Trump ask Russia for Hillary's email and China to look into ""the Bidens."" Those ares crimes, hun. Have you read or believe in the Constitution?",-1
3966,"I'll also take my ""Super Sized Freedom,"" any day over what countries like Cuba, Venezuela, Iran, China & others have to offer!  #KAG2020 pic.twitter.com/TU406foOto",-2
300,BBC News - Coronavirus: Nasa images show China pollution clear amid slowdown  https://www.bbc.co.uk/news/world-asia-51691967Â â€¦,0
3752,"Oh, yes... Paleblood... Well, you've come to the right place. China is the home of coronavirus. You need only unravel its mystery. But, where's an outsider like yourself to begin? Easy, with a bit of bat soup of your own... But First, you'll need a contract..",-2
337,China shutting down stock market until 2/3 due to #coronavirus.  Don't think they truly have a handle on things-- certainly don't shut it down if you think all is ok.  #ES_F $SPY #SPX pic.twitter.com/R9GvTxkFpr,-1
1887,"My brother is in China. He's managed to email me and says he could not have asked more of the Chinese government to stop the spread of the virus, hence the reduction in numbers. So fuck you, all you racist fucks.",2
3088,"Yes; corporate governance is perceived to be better in the US  Plus, China ADRs are VIEs (not actual ownership of the co.)",0
3660,You left out â€œofferâ€ but Iâ€™m sure we could say â€œChina Offers Hunter Biden $1.5 Billion in Bribe Moneyâ€,-2
2875,Made in China 2020 #WuhanVirus #MadeinChina pic.twitter.com/7g7HPuKwAT,-1
3074,More Airlines Drop Flights To China As Virus Spreads  https://www.theyeshivaworld.com/news/general/1827167/more-airlines-drop-flights-to-china-as-virus-spreads.htmlÂ â€¦,0
113,Wake up people do not use any of the Republicans voting devices God knows where they may came from Russia or maybe China just a good guess! embarrassment not only to the establishment But good old boy Usa/ being watched all around the world for this spectacle of a government ğŸ˜©,-2
3010,China expels three WSJ reÂ­porters based in BeiÂ­jing in retaliation for an opinion pieced published in the paper - â€œthe first time in the post-Mao era that the ChiÂ­nese govt has exÂ­pelled mulÂ­tiÂ­ple jourÂ­nalÂ­ists from one inÂ­tl news orÂ­g at the same timeâ€  https://www.wsj.com/articles/china-expels-three-wall-street-journal-reporters-11582100355Â â€¦,-2
3018,China does that to prisoners of war. â€œRe-educatesâ€ them um which means brainwashes them.   Bernie says that schools would be â€œFREEâ€ to indoctrinate Trump supporters...with our tax money of course.  Teaching us a lesson.  Nutty man also backed by Soros.,-2
449,U.S. #US crimes #crimes #Government U.S. congressional study urges sanctions on China over 'crimes against humanity' via  https://www.hvper.com/?ref=ttÂ ,-2
1277,"A team from Georgia Tech, Penn State and China present a method that could lead to better, safer batteries.  The researchers found a way to grow and observe lithium whiskers and dendrites.   https://pvbuzz.com/method-that-could-lead-to-better-safer-batteries/Â â€¦",2
3634,"Well you always complain to me about Hong Kong democracy or scold my criticism of China, now you decided the reason you are poor is because of US banks and not your fault or the fault of your government for not managing the economy. Is there a connection or are you just ranting",-1
2453,"The #CCP barbarians are at it, destroying every trace of identity snd history that the #UyghurMuslims have! This is what happens living in China under CCP's totalitarian rule. #UyghurHumanitarianCrisis #BeijingLies #China #China_is_terrorist #CCPBarbarians #UN @globaltimesnews https://twitter.com/cnnphilippines/status/1212752180823744512Â â€¦",-2
1762,Am abt to fly to china gais. Doakan gais.,1
2243,"#OIL #OOTT #WTI  Ironically, #China's huge nationwide facial recognition surveillance system must be disabled during the current #coronavirus breakout. This epidemic may end the #CCP regime for good when history repeats itself. https://twitter.com/DaddyBear_WTI/status/1225235910675042305Â â€¦",-1
2611,My father won't speak to me ever. My brother and I are a little distant mainly because he lives in China. Both are obsessed with Forts and history. Both are Deep in 3d and use to be my world before I was 20 yrs.  pic.twitter.com/p1fbFTqbpG,0
1378,I agree new level of crazy??  Like who do these people think they are??  We will be like China next.  We have to put a stop to the craziness,-2
1329,The European powers triggered the dispute mechanism in JPOA yesterday that sets a two month clock on UN sanctions.  How does storming out of the P5+1 deal making threats prevent Iran buying arms from China & Iran in October?     https://www.nytimes.com/2020/01/14/world/europe/iran-nuclear-deal.htmlÂ â€¦,-1
1155,Why is China so afraid of the facts being made known?  It's no shame to be struggling in a crisis. The only shame is in silencing those who speak out.,-2
1154,How explosion of live-streaming keeps virus-hit China going  https://www.scmp.com/lifestyle/entertainment/article/3051726/virus-hit-china-turns-live-streaming-revenue-keep-fansÂ â€¦ via @scmpnews,1
4124,200104 Super Junior - Yesung at Incheon Airport. Off to China â¤ @shfly3424 1ï¸âƒ£ . . . . Cr : logo . . . #YESUNG #SUPERJUNIOR #Time_Slip #SJ_Time_Slip #SJ_SUPER_Clap #I_Think_I #ë´„ë‚ ì˜ì˜ˆì„± #AlwaysWithYesungğŸšªâ˜”ï¸ #HereIAm #SpringFalling #StayHealthyYesung #EatWellYesung pic.twitter.com/O8WxvFoZqX,1
1689,Great insights on China's technology ecosystem.   https://danwang.co/Â ,0
1729,China is a very strong and rich country its economy can recover where others may not china must pay for all the costs but WHO must answer for its failure to act,1
2915,"""wake up All China Citizen !!"" she said  https://youtu.be/Ot1ejwUeFpIÂ  via @YouTube #coronavirus",-1
1509,I love my meat but there can be no excuses for this BARBARITY. China has one of (if not THE Largest) Armies in the world. Surely they could spare the bullets to stop this suffering. JESUS!!!,-2
3482,"Please Don't Generalize All of China,   it's only Some ppl in Some places",1
1652,No big difference between the US and China officials....,0
4112,No not china,0
3130,"we dont need insanity: make china rich n america poor. we need the right balance: AMERICANS SHOULD BE #1 IN: CLEAN AIR N WATER; ENERGY; RENEWABLES; INNOVATIONS; ELECTRIC CARS. demand china, india, others, to produce clean air.  https://www.afa.net/the-stand/culture/2019/07/90-scientists-global-warming-is-a-total-hoax/Â â€¦",-2
2403,#China widened a lockdown in Hubei province as the amount of deaths climbed to 26 with 830 confirmed cases.  #coronarovirus #ChinaCoronaVirus,0
2640,"Think China is surveillance central? At CES, US catching up   https://www.scmp.com/lifestyle/gadgets/article/3045037/call-it-consumer-surveillance-show-ces-smart-home-tech-spiesÂ â€¦",0
1986,"Right. We keep losing first responders, nurses, etc., what will happen? Have they learned NOTHING from what happened in China??",-1
1998,Hereâ€™s the latest public information on #coronavirus. If you have returned from mainland China or specified countries in the past 14 days please follow returning travellers advice. For list of countries  http://ow.ly/vfRh50ymoaUÂ  Or call 0800 028 2816 pic.twitter.com/ViQKGKXQfR,0
2423,"#trade China's 2020 growth forecast held at 5.9 per cent by World Bank amid 'fragile' global economic outlook  China's growth is forecast to decelerate to 5.9 per cent this year, according to the World Bank, and while its latest Global Economic Prospects report suggests globâ€¦",0
605,Shipping companies are announcing suspending service to ports in China. Flights to China are almost reduced down  to just Chinese airlines. They are net importers of food. How is a country of 1.4 billion people going to feed themselves without imports?,0
1915,China-Canada relations hang in the balance as Meng extradition case to heat up  http://dlvr.it/RMT9gTÂ ,-1
2236,Letâ€™s look at trumpâ€™s useless kids. All are on the payroll. Letâ€™s talk about ivankaâ€™s multiple patents in China and Russia. One of them is for voting machines! What special skills does Jared have other than using his position to get more cash for his failed deals?,-1
35,"He was  a founding member, but I say if they wont let China in the should not let Xpac in either",-1
36,"Ok hereâ€™s simple math. Say everyone who attends a Michigan football game (100,000) has the flu. 100 will likely die. If they all have Coronavirus, 3,400 will likely die (using Chinaâ€™s and Italyâ€™s current rate).",0
2460,"Theresa, I also want to add one more thing.  Singapore is being looked at as the ultimate success case in containment of the virus.  They did it by acting fast and deliberately.  They also banned flights from China immediately.  Canada is not fast, no flight ban, weak testing",0
1305,"I agree,how convenient it comes out right after Trump makes a great trade deal with China this virus hits the country of China and during there new year celebration,these fuckers will stop at nothing to destroy this country",-1
3469,"Dunkin' Brands Shutters Half Its China Doughnut, Ice Cream Shops $DNKN",0
567,"Since you say they needed to be proactive, name anyone who would've seen this coming before the patient arrived here January 21. It was the day China first reported their cases. I don't like the government either but you're looking for a psychic or fortune teller.",0
2934,Coronavirus latest: deaths in China surpass SARS toll  https://www.nature.com/articles/d41586-020-00154-wÂ â€¦,0
2654,Thank you; maybe America could be better if she had million's more Of those Asian's. From China.,1
578,"@MattHancock on planting trees? @DominicCumins maybe asking @MattHancock about restricting entry of travelers from China to protect the UK from the corona contagion (US, Australia etc did it). #wakeup #TakeBackControl #coronavirusuk https://twitter.com/DominicCumins/status/1226434335114452997Â â€¦",-1
1102,Remarkable number of infections on one ship. Biggest cluster of coronavirus infections outside of China.  https://twitter.com/CGTNOfficial/status/1230042214551543808Â â€¦,0
740,China coronavirus: Beijing cancelled Chinese New Year celebrations - BBC News -  http://www.latestcommentary.com/china-coronavirus-beijing-cancelled-chinese-new-year-celebrations-bbc-news/Â â€¦ #LatestComments,0
3699,"True, I messaged her twice she said cause itâ€™s shipping from China, the corona virus is making it delayed ğŸ˜‘",-1
3983,"or maybe youre just blind to the abducting of children from persons who contest China politically? Do you live in your own little cute world where human rights are always valid? I can't even begin to comprehend how oblivious, borderline ignorant you are.",-2
2718,Logistics enterprises at major ports in China foresee significant declines in #export throughput in Feb due to weak domestic production and transport limits set by foreign countries. https://www.globaltimes.cn/content/1180883.shtmlÂ â€¦,0
108,"Many people do boycott China, itâ€™s our choice not yours!",-2
1690,This Photo Started a Cultural Revolution in China  https://fstoppers.com/p/456456Â ,0
3484,I think tRump shd go to China to find out for himself,-1
416,When will China learn? First SARS and now this. Makes sense you change your national flag to the virus breeders!,-2
2624,They do everyday. Look at all the amateur sex workers by country andnhow Chinese ones are vs ones like japan or thr US.  Thats like saying sites that host 18 up manga are liable for chinese laws when they ared based in china,0
3414,For China they couldâ€™ve used this mask and for every other country used  a more skeletal mask,0
3581,Maybe your friends the give you millions of dollars and imprison Muslims for only being Muslims can give you some pointers on how to run a country. Didnâ€™t call out your China friends on the repression of the protesters in Hong Kong,-2
2668,People in China really getting to play test RE3 early,-1
4141,.New: All my postâ€™s from now  .on too on WeChat China.The  . greatest Chinese network  .worldwide.WeChat China  with 960 milliondaily users.   .Of which 100 Millions outside  .of China. 200 million daily users .    of â˜†WeChat Payâ˜† . ğŸ‘‹viaVieserâ„¢ğŸ‡¨ğŸ‡­Â°â˜†Primeâ˜…Â°  pic.twitter.com/xJpxihoAoP,1
3500,China replaces top official in Hong Kong amid protests  https://www.nbcnews.com/news/world/china-replaces-top-official-hong-kong-amid-protests-n1110396Â â€¦,0
1799,China is exporting #ChinaCoronaVirus to the world. The world will be under CCP rule very soon with the virua,-2
2971,Or tea in China for that matter?,0
3912,"Asean, RCEP trade partners unlikely beneficiaries from US-China trade war, Deloitte economist says #RCEP #rcep #china #China #TradeWar #ASEAN https://www.scmp.com/economy/china-economy/article/3046371/asean-rcep-trade-partners-unlikely-beneficiaries-us-chinaÂ â€¦",0
78,22 Years Later: How China Destroyed Legacy of the Hong Kong Handover  https://www.breitbart.com/europe/2020/01/01/22-years-later-how-china-destroyed-legacy-hong-kong-handover/Â â€¦,-2
2783,"o man,,, audio drama and novel has to be my fave HAHAHAHA im a sucker for audio dramas BUT THE DONGHUA IS P HELLA GOOD TOO (but also removed the clearly GAY parts bc china) IDK I JUST LOVE THE WWX VOICE ACTOR OK but rly tho cql didnt rly follow the novel SO JUST FYI",0
1568,â€˜elitesâ€™ ( corporations) profiting from China,0
610,"Of course it does, it's made in China. I wouldn't doubt if that plastic lawn chair I bought from Walmart had a bug in it. The Chinese are very nosey.  https://www.breitbart.com/news/white-house-claims-huawei-equipment-has-backdoor-for-spying/Â â€¦",-2
579,"It is reported that the number of new coronavirus cases confirmed in China,outside of Hubei Province,has declined for 11 consecutive days since February 3. A total of 221 new confirmed cases(excluding Hubei Province) in China on Feb. 14.#coronavirus #China #COVID19 #Wuhan pic.twitter.com/X8U1iXisUt",0
2978,"US Should Not ""Abuse Force"": China After Iran General Qasem Soleimani's Killing  https://www.ndtv.com/world-news/us-should-not-abuse-force-says-china-after-iran-general-qasem-soleimanis-killing-2158845Â â€¦ via @ndtv",0
3389,"â€œMister President, we must not allow a meme gap with the Chinese!â€  (Photos of a Mercedes SUV in the Forbidden City led to wondrous memes demonstrating Chinaâ€™s rapid reaction memage superiority)  https://www.nytimes.com/2020/01/18/world/asia/forbidden-city-car-photo.htmlÂ â€¦ pic.twitter.com/sY3fQj8H1x",1
3973,Anyone coming to this country from China should be isolated until such time as that person is declared free of the virus.,0
244,"If TSMC stops supplying for China, that's the end for Huawei. So the dependency was both ways.",0
3898,"If only all these vids can be shown on some global prime time tv/channel, the whole deluded image of China can be shattered globally in 5mins.",-1
2841,"The information released by the government is not trustworthy.  Look how many people died, under 500? Are you kidding me? #WuhanCoronavirus #China_is_terrorist https://twitter.com/techreview/status/1226109477558067201Â â€¦",-2
855,The Dark Side of Chinaâ€™s Deep Ties With South Africa  https://youtu.be/4FgpIMwBOvIÂ  via @YouTube,-1
229,Amazing....China has a history of doing such constructions.,1
1601,Chinaâ€™s #COVID19 #2019nCoV #coronavirus outbreak has sent Beijingâ€™s diplomats into overdrive in a bid to keep other countries from adopting measures that imply shortcomings in Chinese efforts to contain the crisis. It generally hasnâ€™t worked. https://on.wsj.com/2OVXRWjÂ ,-1
111,AN AERIAL UNIT HAS SUCCESSFULLY LEVELED CHINA.,0
47,"So #bottlehead itâ€™s a #china #coronavirus thing, will it catch on? pic.twitter.com/KGEPDk4Jrv",0
2933,Idk what this means but Iâ€™ll let yâ€™all know when I get back from China  pic.twitter.com/qd2pOZAyzG,0
2745,"OH - NOW ITS CHINA'S FAULT?  Tell me - who prepared Lysol's marketing arm for the Coronavirus?   Every Lysol package has a message about the Coronavirus.  If Lysol knew, why didn't all Americans?  We could have masks for everybody.   https://www.lysol.com/healthy-home/cold-flu/cold-flu-tracker/Â â€¦",0
3764,Just think. The corona virus is putting a stop to guest being at  http://games.NowÂ  you cant attend games.Thanks to Dumacrats and China turning a virus loose for political purposes and maybe even death.What else will the dumacrats do???,-2
559,HK can become the next Wuhan if the govt still doesnâ€™t close the borders w/ China:  https://www.facebook.com/366243453719070/posts/1069832693360139/Â â€¦,-1
2098,Coronavirus: China calls for international cooperation  https://www.khaleejtimes.com/coronavirus-outbreak/coronavirus-china-calls-for-international-cooperationÂ â€¦,2
1551,I think the point is that capitalism isnâ€™t enough without the structures needed to sustain it. In the end for a poor country growth is really all that matters and it doesnâ€™t matter how that growth is achieved. It is functionally not unlike the China model.,0
4030,Are you saying China would lie to us? Bite your tongue.,0
2798,Live updates: China strikes upbeat note on coronavirus as businesses reopen; Hong Kong reports second death â€“ The WashingtonÂ Post  https://golftw.info/?p=157890Â ,1
3800,Amazing Dazzling Floating Walkway in the Middle of River in China  https://blogygold.com/amazing-dazzling-floating-walkway-river/Â â€¦,2
1450,Question: Are  they willing to go to China to test their theory,0
1591,"To  the EU, Russia, The United States, and China: WHAT IS WRONG WITH YOU LEADERS WHO, ARE IN THE  MINORITY?  Billions of people are counting on you for HELP, but you don't give it.  Why not? The MAJORITY OF PEOPLE IN THIS WORLD KNOW THE TRUTH: THAT YOU ARE NOT GIVING IT.",0
756,Why new diseases keep appearing in China  https://youtu.be/TPpoJGYlW54Â  via @YouTube  WARNING this is/can be disturbing but it DOES explain why of SARS and now this new Virus-19,-1
263,"#COVID_Record 001 Wuhan,China   Less people are getting infected by #COVID19. Nearly everyone is still quarantined.  Doctor there told me: get enough sleep, eat balanced meal, and and be positive: you need to be prepared for the worst, but live your best life.  #FightCOVID19",1
871,They now fear that China is covering up the numbers of people contaminated/killed because they have quarantined 56 million people. Also this coronavirus has now been found in France and Australia...and what is WHO doing? Telling people to wash their handsğŸ¤¬,-2
3834,"China is covering up the truth, but get a pat on the back by the UN and WHO... they nothing more then corrupt organisations that promote crimes against humanity.. Please pray for the people in China..",-2
79,Get Well Soon #Wuhan Hope for the best. Good Luck China govt.,2
569,More Japanese evacuated from China virus epicenter as death toll climbs  http://dlvr.it/RP1YpZÂ  #topNews  http://bit.ly/2wTtJVÂ  pic.twitter.com/cyMK7GMPO2,0
3536,"Trade War Progress: China Caves, Lifts Ban on US Poultry Products  https://www.westernjournal.com/trade-war-progress-china-caves-lifts-ban-us-poultry-products/Â â€¦",-1
1426,"China confirms six deaths, 291 cases of new coronavirus officials say transmits between humans | CTV News | @scoopit http://sco.lt/4ngutkÂ ",0
2144,"Hell on earth.  @BorisJohnson We need to quarantine China - nothing and nobody in or out and stop all flights, now!  #China #Coronavirus https://twitter.com/SPF2Million/status/1226222836873719808Â â€¦",-1
2923,"Coronavirus kills first patient outside China, just as a promising new treatment is found  https://bgr.com/2020/02/03/coronavirus-death-toll-first-patient-dies-outside-china/Â â€¦",0
1465,Kris shares a room with XiuMin and LuHan in Korea and Chen aka â€œChen Chenâ€ in China #Trivia,0
3000,"ğŸ¦ â€œTrump responds w a quick succession of moves: He seals the borders with Canada and Mexico; he quarantines sick Americans; he declares martial law, builds detention-style camps for quarantine-defiers, and uses epidemic conspiracies to launch a trade war w Chinaâ€#coronavirusus pic.twitter.com/cKmZSYhwSA",-1
1191,"first of all this is reactive as fuck. second, why not ban all flights from china? #TutaPaRin ğŸ¤¡ https://twitter.com/cnnphilippines/status/1223019060771749888Â â€¦",0
72,Very extremely weak positive. Dog likely picked it off a surface & isn't actually infected.  Dogs & cats get treated poorly enough in China. They certainly dont need a reason to dump them now. Makes me angry that this even hit the newsğŸ˜¡,-1
3156,@outkick Lebron isnt sure about human rights and china but boy is he pissed about stealing signs in â¦@MLBâ© https://nypost.com/2020/02/18/heated-lebron-james-goes-off-on-astros-cheating-scandal/Â â€¦,-1
3403,The Chinese are mind blowing with their speed. No wonder China is developing its infrastructure so quickly. I saw a video of them building a bridge in less than 16 hours,2
3408,Crypto asset manager sees bitcoin mining shift from China to North America  http://dlvr.it/RPrqDtÂ  pic.twitter.com/bj8IsBhrmP,1
3123,#Trump has spent all his #China trade deal so far thanking EVERYONE as theater to counter a day in history that will follow him done the halls of history.,0
2693,The fucked up thing is stupid people will still have some bad to say about China even tho China wants peace and build relation by helping other countries the US destroyed,2
4193,"When it was said Sally is participating in China survival show no one said ""I love Sally but where is gugudan cb "" when Mina got all that no one said ""I love Mina but where is gugu cb "" but whenever sejeong got something there is always ""I love sj but where is gugu cb """,0
3643,That was the intended goal... Jr sides with China and can now blame the U.S. like father like son!,-1
2533,"Ok,  wtf is really wrong with the our drunken master?  Maybe kuna pahali we signed to be interwoven for good & for worse in health & in sickness, in plenty or in poverty.  Maybe we are married with China that's why  we can't do anything to save our people.  https://twitter.com/ntvkenya/status/1233117490256977921Â â€¦",-1
3665,"You can't sit their and say she's anti HK. You might as well tell that to other celebrities from China that's also supporting the country over HK. Funny how y'all call her evil, a terrorist, etc. and don't even have the balls to say that to her face.",0
2257,It will be on amazon. The world will know exactly how complicit you were in the coverup and this wonâ€™t be the last scandal of this nature. Just wait for Turkey and China.,0
549,Thanks for taking action against China and protecting American companies  It is estimated that Chinaâ€™s IP theft  costs the USA $225 billion and $600 billion annually.,-2
2345,I do people in China & Iran keep logging into my uber account ??????????  pic.twitter.com/pAIKXQh33A,-1
3499,So they fucked their own economy and started a pandemic to end some protests? Thatâ€™s quite the spicy take. If China was so worried about the protests they would have just sent in the military Tiananmen Square style,0
3690,China reports...... just stop there,0
1643,You have said some dumb things in the past. But this is by far the dumbest of the dumb things you said. The magnitude of the dumbness does not even begin to explain how dumb it really is. The #ChinaFlu or #ChinaVirus or #RedCough or #WhuFlu are all completely valid names.,-1
1683,"China will quarantine any passengers coming to China from countries that have reported cases of corona virus, for two weeks. But their Ambasador to KENYA tells us not to discriminate agaings their nationals. Whatâ€™s wrong with us? Tulirogwa?#Covid_19 #LetsActKe #BBIFraud Ruto",-1
4143,"Chinatown STUNNING 2 BEDROOM APARTMENT IN CHINA TOWN!! Boston - $2,675: Located near Tufts Medical Center, South Street Diner, and South Station! Features: **Hardwood floors **Fully appliancedâ€¦  http://dlvr.it/RNTtH3Â  #bostonapartments #bostonrentals #apartmentsforrentinboston  pic.twitter.com/wTIJElz3l9",1
3843,"@billmaher Great show tonight! Welcome back. Just FYI...Ali Velshi did have Fred Hochberg, Former Chair of Import/Export Bank on @TheLastWord on @MSNBC discussing the China Trade deal tonight...so the â€œother sideâ€ IS discussing it.",0
3169,Coronavirus: Nasa images show China pollution clear amid slowdown #SmartNews https://www.bbc.com/news/world-asia-51691967Â â€¦,0
822,Itâ€™s a genetically modified virus made by Chinaâ€™s government that got out on accident,-2
3354,$AMZN looks strong. Good thing they donâ€™t sell anything made in China....,-1
2358,Would you believe Mother nature to run it's course?..I think this virus has been unchecked for Month's. We know that China with held information on this dating as far back as Sept 21 of last year ğŸ¤’..Panic will set in soon. Godspeed friend,-2
1466,"Like our economy, renegotiating NAFTA, new and better trade deal with China, improved race relations, illegal immigration down, wall being built, increased national security.  I see your point.....lol",1
18,"President Trump, CCP is sending WARS patients to HK on purpose. HK gov have no intention to block Wuhan citizens entering HK. Those China ppl are stealing from HKers healthcare system! Putting locals' life at risk. They should closed the damn border now!  çš‡å¤©æ“Šæ®ºä¸­å…±æ¸¯å…±  pic.twitter.com/ygLysiQ0MZ",-1
1333,ğŸ…¿ï¸ğŸ…±ï¸ â–¶ï¸ *Today's China Future Bazaar Offers at 12:00 (CST)- ( Active deals for May 20 - RMB/mt )  #LLDPE* Opening:6725 Day High:6870 Day low:6705 At 12:6850  ğŸ”· *1 USD=6.98 RMB*,0
1358,Traders and Analysts Skeptical China Can Reach Phase One Purchase Amounts  https://reut.rs/2uHvZOqÂ ,-1
858,@SenTomCotton I know you're watching the #Coronarivus Why are flights still coming out of China? Until we know this virus..SHUT IT DOWN.,0
4089,Yeah thats not as honerable as say purposefully starving Indians and or flooding china with opiods,0
932,"Never seen a non-Chinese getting this much respect and preferences until now. China plus Tesla, Not even Apple could do this. What if SpaceX goes to China?  https://twitter.com/vincent13031925/status/1214451981638459393Â â€¦",1
1268,Wait and see if people in Red China will awake and subvert the CCP this time. It may be their last chance.,-2
3530,"Italy, 6 infected near Milan, 5 serious; outbreak around the 38-year-old from Codogno. Isolation for 250. Minister: ""Return from China, mandatory quarantine.""  #COVID_19 #COVID19 #SARSCoV2 #SARS_CoV_2 #coronavirusitalIa #Coronavirus #Health  https://www.repubblica.it/index.html?refresh_ceÂ â€¦ pic.twitter.com/af8AtxM6Ns",0
2538,"The only expert here is China! Theyâ€™ve been dealing with COVID19 the longest. They are now screening based on travel history from Iran, Italy etc, quarantining for 14 days. We have border controls, how exactly would people sneak in? These experts have no experience w this virus!",2
167,Taiwan is not China.   Hong Kong is not China.  Tibet is not China.   Those are the facts of reality.,-1
3282,Come on everyone know the truth Do those china scientists have credibility to publish such so called research?? It's just a tool to cover up their mistakes and used as propaganda.,-2
3025,No you're actually not progresinng. Half of working Americans can't afford their own home & 1/3 of people with 2 jobs are homeless & tent cities are multiplying & booming tent cities. Try a different measure.  China has overtaken you & keeps growing the tech-gap to your country.,0
89,"China has reported an uptick in new cases of coronavirus boosted by more than 200 people testing positive for the disease in two prisons outside of Hubei province, the epicenter of the outbreak.",0
1906,Greed at work:  The prices of facial masks are going up as we speak.  And the irony: Most brands are made...in China.,-1
2278,China won  https://www.google.com/amp/s/www.news18.com/amp/news/india/china-inches-closer-to-finishing-construction-of-all-weather-road-in-doklam-2004867.htmlÂ â€¦,1
378,The Department of Justice announced today that the Chair of Harvard Universityâ€™s Chemistry and Chemical Biology Department and two Chinese nationals have been charged in connection with aiding the Peopleâ€™s Republic of China.,-2
3104,China's Ant Financial applies for Singapore digital banking license  http://dlvr.it/RMKjtjÂ ,0
1620,Goverment of Malaysia : Banned People's Republic of China citizen from entering Malaysia !!! - Sign the Petition!  http://chng.it/RYCDsNhfÂ  via @Change,-1
2984,"2/2 Oh Oppressive Communist regime of #China - Fear Allah, ur time is coming, #Coronavirus may just b the beginning  Allah said:  â€œAnd never think that Allah is unaware of what the oppressors/wrongdoers do.â€ Quran 14:42 #StopOppression #FreeUyghurs #Islam #Uyghur #Wuhan #Xinjiang pic.twitter.com/rZDmF6DRDS",-2
3127,China Reports Nearly Half a Million People Have Had Close Contact With Coronavirus Patients  https://www.voanews.com/science-health/coronavirus-outbreak/china-reports-nearly-half-million-people-have-had-close-contactÂ â€¦ #coronavirus #Coronavirustruth pic.twitter.com/vxhVyYzEWA,-1
150,Coronavirus: Japan and US fly citizens home as China death toll jumps  https://www.theguardian.com/world/2020/jan/29/coronavirus-evacuations-begin-as-china-cases-outstrip-sars?CMP=share_btn_twÂ â€¦,-1
1912,"Pakistan did not stand with its own citizens in China who were crying on social media, so Kashmiris can well imagine how much it stands with them.",0
1599,"SAGE Open has a recently published article titled ""Does #Financial Liberalization Affect Bank Risk-Taking in China?"" #MacroEnvironment @sageopenjournal http://ow.ly/3hx750xVAHGÂ ",0
3426,"Nikki Haley just said it best; nobody is sticking up for the killed terrorist except #Democrats running for the Presidency and the other radical #Democrat socialists!  Not China, not Russia, not Syria.  Think about that!",-1
4180,"China a communist by nature which means a big gov't. They implement a minimal gov't intervention on private business during Deng Xiaoping era which made them rich until now. It's a different story today, look at the mess they created when nCoV appears. Big gov't is slow to react",-2
1524,"People have no idea about development in China mainly because of language barrier, if they had known it they wouldn't boast of winning a war with China. War is not necessarily to be fought on grounds, air or sea but in the great minds.",1
3848,"If China's economy collapses, do you know how many walmarts and targets would close? Do you know how many American factory workers whose parts are sourced in China would lose their jobs? The economic effect would be devastating to the US as well as China and the world.",1
2665,"Analytical 'progress' is deeply opposed to 'progressive' 'progress'.  Their synthesis as dialectical materialism either failed or succeeded in China and left material and spirit behind, transcended by chi.  https://twitter.com/evansd66/status/1224662455785328640Â â€¦",0
2943,"Collaborating with Tsujikawa,#Mitsubishi Materials provides Rotary die cutter regrinding in China,Thailand and also in Indone #æ¶‚å¸ƒæ¨¡å¤´",1
3251,Wait- ao3 got banned in China? Just because of a fanfic about wang yibo and xiao zhan .. ğŸ˜³,-1
73,Google for what so I can be brainwashed by China's information machine lol is that where you're getting your info? Sounds like it,-2
3159,Ted Lieu is the Chinese people? Who would most like Trump to step down now? is China,-1
2529,"Hey China, if youâ€™re listening...we have some laundry that needs air:  https://twitter.com/AdamSerwer/status/1237199123117494273Â â€¦",-1
695,"The @guardian article ""This decade belonged to China. So will the next one"" has created a heated debate among netizens. Some have described it as a ""rare piece in Western mass media that contains no false or intentionally deceptive statements."" @martjacques pic.twitter.com/cMtgrL9cB8",1
246,"China is building a 1, 000 bed hospital to combat the Coronavirus outbreak.   But guess what?   They are building it in a record 12 days. The building replicates a General hospital built in Beijing in 7 days to combat the outbreak of SARS.   #China #ChinaCoronaVirus #ChinaWuHan pic.twitter.com/rC3QmrgFVP",2
424,China Sets Up Epidemic Control Group Amid â€˜Accelerating Spreadâ€™ of Virus   https://www.theepochtimes.com/china-sets-up-epidemic-control-group-amid-accelerating-spread-of-virus_3215796.htmlÂ â€¦  For the latest US and political news download The Epoch Times app now! https://ept.ms/2mCEjelÂ ,0
596,"Someone called 101 asking if she could get the Corona virus from a saucepan she had just bought, that is made in China   What is your most ridiculous #CoronaVirus story",0
3241,Let me correct that for you. China covered their virus up. Never trust the Chinese government on anything. China unleashed their virus on the entire world. #ChinaVirus #WuhanVirus,-2
3652,Good job! Hope China defeat virus soon!,1
31,tbh im so scared of the corona virus bc theres suddenly like chinese ppl influx in our country every frickin time i go to malls there are chinese are we being sold to china,-2
1571,China is building a hospital for coronavirus patients in just six days. How?  http://a.msn.com/01/en-us/BBZiAvP?ocid=st2Â â€¦,1
1684,"Wrong Joe, we KNOW the address of CLIMATE CHANGE ..it's India, Russia, Pakistan, U.S.A. , China....they're just not answering the door.    @POTUS is doing just that now btw if not employed by government everyone else is by Entrepreneurs biz. So as Republicans know that...",-1
1590,Will training in China be helpful?. #pakistan https://www.thenews.com.pk/tns/detail/600595-will-training-in-china-be-helpfulÂ â€¦,0
576,"Once f(x) completed its first performance, Victoria is the first person who directly contacted her parents who live in China.",0
2701,"Vice President Leni Robredo has called for the immediate ban of all travelers coming from China, saying the first reported 2019 nCoV to hit the country â€œneeds an urgent action from the government.â€ | via @MBSepPedrajas",-1
1250,"#CCP is made up of lies. It lies about its #economy statistics, #humanRights #pollution #disease and posing threats to the whole world. #China_is_terrorist #BoycottBeijing2022 #StandWithHongKong",-2
1278,Kenya Airways suspends flights to China amid coronavirusÂ outbreak  http://gaudium.com.ng/kenya-airways-suspends-flights-to-china-amid-coronavirus-outbreak/Â â€¦ pic.twitter.com/vocooAOrCi,0
2107,"â€˜China suspends national roll-out of ethanol mandate: China has suspended its plan to implement a nationwide gasoline blend containing 10% ethanol this year, three sources briefed on the matter said, following a sharp decline in the countryâ€™s corn stocks and limited productionâ€™",0
3198,"NO issue in china, videos are all fake . people all have food . nothing to fear. 10000s in china are lying support ccp (satire) you have to be very dumb to buy this . ccp pays people to comment btw.  pic.twitter.com/7SxsGassWE",-2
2467,Bernie Sanders Praises China For Eradicating Poverty By Killing All The Poor People  https://babylonbee.com/news/bernie-sanders-praises-china-for-eradicating-poverty-by-killing-all-the-poor-peopleÂ â€¦ via @TheBabylonBee,-2
3328,"Italy is today the 2nd highest in the world, after China, yet still there is NO restriction on arrivals from Italy. Compare this to the panicked blocking of Iran and where they stand today.  pic.twitter.com/8EjmbtqOin",0
662,"China finishes construction of makeshift hospital for coronavirus patients, state media reports   https://twitter.com/i/events/1223840131146141696Â â€¦",1
3524,"CUTS 50% MONEY FROM WORLD HEALTH ORG TO FIGHT #CORONAVIRUS HAS ZERO MONEY IN BUDGET TO FIGHT THE VIRUS NOW, 'INFECTIOUS DISEASE EXPERT' & MR. KNOW-IT-ALL SAYS: HEAT WILL KILL THE CORONAVIRUS SO ""WE'RE GREAT"" WE GOT THE SUN ON OUR SIDE NOT CHINA'S.  pic.twitter.com/bNCrXEV3K8 01",0
2373,"Iran & USA officially at war, fires in Australia, Israeli oppression in Palestine continues, Uighur Muslims suffer in China, Kashmir still under lock down by India, Indian Muslims being oppressed slowly but surely.... Dark times we live in. May Allah have mercy on us all.",-2
1472,I am here at Melbourne waiting for you.  #coronavirus Fighting China!,-1
4102,"China Wuhan coronavirus updates: 2019-nCoV deaths, spread, symptoms - Business Insider  https://www.businessinsider.com/china-virus-everything-we-know-deadly-2019-ncov-wuhan-spread-2020-1Â â€¦",0
2894,"It depends on your performance of gaokao exam. If you are very very clever & provincial rank 0.00001%, needless to say Tsinghua & Peking..etc. will admit you. In China, minority students have 10 point bonus in gaokao, compared with Han ethnicity.",1
3893,"The virus started in China, people are nervous and panicking. I've seen people cover themselves IN Asia also, its uncomfortable because of the presumption that she must of been in contact with the virus because of her ethnicity and the fact she travelled recently.",-1
1500,Toyota won't reopen China plants yet  http://dlvr.it/RPYNy7Â ,0
3147,China evacuees not ship evacuees...,0
91,WW3... The world against China.  I'm down with that.,-2
996,"(battery no power)Emperor  of China. Afterwards, China has had basically no broken culture, even though in some periods of time had a broken dynasty. Chinese has always assimilate other minority's culture. In science and technology, china had lagged behind Europe only in the past",1
3621,"#Coronavirus: #Chinaâ€™s factory activity #plunges to all-time low, amid #coronavirus, worse than #global #financial #crisis, February data show   https://www.scmp.com/economy/china-economy/article/3052985/coronavirus-chinas-factories-activity-plunges-all-time-lowÂ â€¦ via @scmpnews",-1
3489,".@Apple continues to censor life-saving apps--like VPN--from its store in China. All the while, Uyghur and Tibetan peoples are surveilled and abused:  http://sumof.us/620627666t?referring_akid=70026.1290351.4cJzZ4&referring_source=fwdÂ â€¦",-2
3307,"How China flooded the U.S. with lethal fentanyl, fueling the opioid crisis  https://yhoo.it/38BH3fmÂ  by @adrianambells pic.twitter.com/t23i3H1Usz",-2
1632,Don't you have a golf date in China? Best get going.,1
141,"Merck's stocks are tanking,since china got caught following the same sort of criminal behavior as merck and CDC..... NEVER vote for anyone who has merck in their portfolio nor in their donor lists...  https://twitter.com/LotusOak2/status/1221241263548178433Â â€¦",-1
